{
    "Silhouette": 0.33783504366874695,
    "Calinski_harabasz": 79701008.0,
    "Davies_bouldin_score": 0.960489015593728
}